PARAMETERS,SO2,CO,NO,NO2,NOX,NH3,O3,AQI,WS,WD,RH,SR,TC
01/01/2023,2.02,0.06,8.93,17.84,26,8.93,26.07,72,0.33,37.96,80.27,199.8,28.7
02/01/2023,1.63,0.12,8.89,17.74,26,8.89,25.97,81,0.47,33.84,82.5,189.1,28.11
03/01/2023,3.46,0.03,8.91,17.89,26,8.91,26.03,82,0.19,54.37,71,203.1,28.55
04/01/2023,2.79,0.11,8.88,17.77,26,8.88,25.95,79,0.54,40.44,78.11,205.2,28.25
05/01/2023,1.15,0.22,9.48,17.73,26,9.48,23.93,84,0.43,42.53,78.56,202.3,28.55
06/01/2023,3.13,0.08,10,17.76,26,10,22.08,98,0.42,30.35,76.42,207.7,29.01
07/01/2023,1.95,0.05,9.96,17.75,26,9.96,21.98,94,0.17,50.61,76.74,212,29.82
08/01/2023,1.48,0.01,9.95,17.75,26,9.95,21.95,82,0.34,46.24,76.3,209.3,29.67
09/01/2023,1.8,0.03,10.5,17.98,25,10.48,21.96,94,0.4,46.36,83.02,203.3,29.57
10/01/2023,0.07,0.05,11,18.25,25,11.01,22.02,105,0.43,32.01,78.36,209.6,28.8
11/01/2023,0.25,0.03,11,18.3,25,10.92,21.94,97,0.47,43.34,73.13,210.9,28.21
12/01/2023,1.38,0.01,11,18.25,26,10.96,21.92,98,0.79,27.68,76,199.6,27.31
13/01/2023,0,0.05,11,18.35,25,11,21.99,112,0.3,47.08,75.59,212.5,27.53
14/01/2023,5.53,0.02,11,18.22,26,10.99,21.99,107,0.57,33.41,75.43,211.6,28.12
15/01/2023,1.22,0.11,11,18.26,26,11.02,22.05,100,0.4,46.85,77.6,212.2,28.31
16/01/2023,4.72,0.05,11.1,18.29,26,11.05,22.09,100,0.41,42.2,78.88,211.1,28.89
17/01/2023,0.27,0.01,11,18.29,26,11.03,22.02,93,0.47,41.86,81.17,209.7,28.99
18/01/2023,3.83,0.01,11,18.33,25,10.96,21.91,85,0.44,46.65,79.88,218.2,29.32
19/01/2023,0.03,0.06,11,18.33,25,10.99,21.98,78,0.46,38.52,68.62,219.3,28.47
20/01/2023,1.3,0.05,11,18.28,26,10.95,21.9,83,0.36,30.28,58.67,218.9,28.41
21/01/2023,2.06,0.06,11,18.27,25,10.97,21.94,89,0.32,52.25,67.26,219.1,28.65
22/01/2023,5.69,0.07,11,18.21,25,10.95,21.9,86,0.51,43.55,76.63,204.2,29.03
23/01/2023,0.41,0.13,10.5,18.19,25,10.52,22.66,88,0.25,51.31,71.06,191.1,29.44
24/01/2023,2.02,0.11,9.68,18.28,26,9.68,23.57,72,0.27,344.88,86.81,160.2,28.28
25/01/2023,1.01,0,9.67,18.25,26,9.67,23.54,47,0.14,112.49,84.97,181.2,29.18
26/01/2023,0.43,0,9.7,18.3,26,9.7,23.58,44,0.4,39.58,83.39,236.3,29.22
27/01/2023,0.05,0.02,9.76,18.29,25,9.76,23.67,55,0.41,51.71,85.12,219.1,28.94
28/01/2023,0.4,0.02,9.65,18.25,26,9.65,23.52,74,0.14,65.97,78.33,248.2,29.17
29/01/2023,4.24,0.06,9.61,18.33,26,9.61,23.46,78,0.67,35.44,81.26,222.1,27.93
30/01/2023,2.07,0.04,9.75,18.26,26,10.19,23.68,75,0.1,284.37,79.63,257.9,28.53
31/01/2023,0.31,0.03,9.61,18.21,26,9.61,23.47,80,0.42,195.17,79.11,146.3,31.17
01/02/2023,0.41,0.01,9.7,18.32,25,9.7,23.59,83,0.19,78.63,86.13,227,27.31
02/02/2023,0.87,0.07,9.68,18.28,25,9.68,23.56,85,0.4,339.46,84.95,156.5,31.17
03/02/2023,2.26,0.07,9.74,18.24,25,9.74,23.64,63,0.05,349.77,88.08,145,28.78
04/02/2023,1.9,0,9.72,18.27,26,9.72,23.61,44,0.15,65.04,86.7,206.8,30.02
05/02/2023,1.76,0.08,9.69,18.28,25,9.69,23.57,47,0.22,173.03,85.11,238.8,29.22
06/02/2023,2.55,0.07,9.72,18.29,26,9.72,23.62,61,0.4,30.35,84.54,227.1,28.63
07/02/2023,1.11,0.05,9.68,18.34,26,9.69,23.56,81,0.04,238.34,78.6,240.5,29.49
08/02/2023,2.5,0.12,10.2,18.91,26,10.24,55.13,92,0.57,41.75,82.99,237.4,30.2
09/02/2023,1.56,0.04,10.8,19.01,26,10.82,24.92,99,0.36,52.55,80.29,238.1,28.84
10/02/2023,1.99,0.14,10.8,18.96,26,10.8,24.69,96,0.34,34.28,78.74,227.9,29.28
11/02/2023,0.11,0.02,10.8,19.04,26,10.82,24.79,87,0.16,97.68,77.31,237.9,29.19
12/02/2023,3.42,0,10.8,19.03,25,10.83,24.76,80,0.35,39.74,77.69,243.1,29.22
13/02/2023,1.1,0,10.9,19.01,26,11.03,24.75,82,0.39,48.71,72.82,319.1,29.26
14/02/2023,0.59,0.02,10.8,18.97,25,10.81,24.72,88,0.36,144.63,67.69,326,29.04
15/02/2023,2.21,0.01,10.8,18.98,26,10.78,24.72,89,0.49,39.34,76.2,260.8,29.43
16/02/2023,2.6,0.13,10.9,18.97,25,10.9,24.8,87,0.21,77.96,74.77,256.6,28.57
17/02/2023,0.81,0.06,10.9,18.99,26,10.86,24.77,84,0.06,172.61,66.22,271.1,31.28
18/02/2023,0.81,0.11,10.9,19.02,26,10.88,24.78,79,0.17,204.94,60.57,281.6,28.79
19/02/2023,5.19,0.08,10.9,18.98,26,10.88,24.79,76,0.3,67.56,66.98,270.1,28.94
20/02/2023,2.96,0.01,10.8,18.96,25,10.77,24.72,74,0.43,40.52,71.15,241.4,29.17
21/02/2023,1.4,0.01,10.3,18.84,26,10.26,24.88,72,0.28,44.53,77.9,263.4,30.09
22/02/2023,0.26,0.03,9.63,18.77,26,9.63,24.96,72,0.35,57.16,75.21,251.4,29.57
23/02/2023,0.38,0.07,9.65,18.77,25,9.75,25.04,75,0.36,40.7,62.13,269.5,30.63
24/02/2023,2.89,0.07,9.6,18.87,26,9.6,24.98,78,0.24,109.61,71.39,268.6,30.73
25/02/2023,2.29,0.01,9.6,18.87,26,9.6,24.97,75,0.37,52.59,75.2,255.3,30.45
26/02/2023,0.55,0.03,9.6,18.83,25,9.6,24.98,60,0.28,202.79,65.5,266.5,29.94
27/02/2023,0.07,0.08,9.56,18.81,25,9.56,24.92,57,0.46,212.38,51.81,267.1,30.29
28/02/2023,3.25,0.03,9.65,18.9,26,9.65,25.04,70,0.22,86.4,60.56,230.1,30.65
01/03/2023,1.13,0.05,9.62,18.9,26,9.65,25,79,0.47,31.48,71.68,205.7,30.48
02/03/2023,0.38,0.06,9.53,18.87,25,9.49,24.89,74,0.17,213.65,54.73,267.8,30.42
03/03/2023,2.07,0.03,9.56,18.92,25,9.56,24.92,68,0.3,47.4,61.23,266.6,30.4
04/03/2023,1.21,0.01,9.54,18.76,26,9.54,24.9,70,0.13,124.67,59.04,263.6,31.26
05/03/2023,2.36,0.05,9.63,18.8,25,9.63,25.01,64,0.3,184.16,68.53,239.4,31.41
06/03/2023,0.27,0.01,9.6,18.82,26,9.6,24.97,65,0.35,57.81,68.21,264.5,30.63
07/03/2023,3.4,0.03,9.6,18.91,26,9.6,24.97,74,0.22,74.67,69.19,263,31.22
08/03/2023,0.19,0.09,9.61,18.94,26,9.61,24.98,84,0.25,142.39,74.96,249,31.46
09/03/2023,1.12,0.03,9.61,18.87,26,10.07,25.02,83,0.16,174.56,69.52,336.7,31.1
10/03/2023,0.41,0.06,9.71,18.81,26,9.71,25.13,83,0.71,194.24,65.04,286.8,30.81
11/03/2023,0.91,0.01,9.57,18.91,26,9.57,24.93,82,0.18,133.67,72.05,246.7,31.26
12/03/2023,0.39,0,9.62,18.8,26,9.62,25.01,75,0.29,186.25,70.94,257.6,31.62
13/03/2023,0.29,0.14,9.58,18.84,26,9.58,24.94,70,0.66,197.53,68.37,274.4,33.02
14/03/2023,2.72,0.02,9.54,18.9,25,9.54,24.89,72,0.33,55.73,71.13,249.1,31.23
15/03/2023,2.25,0,9.67,18.81,26,9.74,25.06,76,0.42,43.42,78.66,235.4,31.78
16/03/2023,0.43,0.05,9.65,18.91,25,9.65,25.04,78,0.12,70.28,80.73,248.7,32.18
17/03/2023,0.33,0.03,9.59,18.84,25,9.59,24.97,70,0.11,64.04,79.73,207.6,31.2
18/03/2023,0.17,0.02,9.62,18.84,25,9.62,25,51,0.16,17.52,79.73,226.7,31.17
19/03/2023,0.28,0,9.63,18.85,25,9.63,25.01,39,0.35,196.8,79.02,249.8,31.15
20/03/2023,0.31,0.09,9.63,18.83,25,9.63,25.01,41,0.41,208.54,78.38,249.5,31.17
21/03/2023,1.45,0.14,9.64,18.91,25,9.64,25.03,52,1.18,210.64,75.27,265.5,30.64
22/03/2023,1.74,0.19,9.65,18.84,26,9.65,25.04,63,1.54,205.38,69.54,275.4,31.23
23/03/2023,2.57,0.01,9.63,18.76,25,9.63,25.02,57,1.47,203.18,74.8,270.1,31.47
24/03/2023,0.73,0.02,9.64,18.93,25,9.7,25.02,51,0.38,171.67,77.59,243.6,31.6
25/03/2023,2.65,0.01,9.57,18.93,26,9.57,24.93,44,0.17,102.72,74.59,278.8,31.49
26/03/2023,0.81,0.08,9.58,18.9,25,9.58,24.95,38,0.8,197.24,78.29,255.4,31.37
27/03/2023,0.49,0.07,9.66,18.85,26,9.66,25.06,41,1.93,199.75,73.42,275.1,31.64
28/03/2023,0.07,0.11,9.58,18.89,26,9.58,24.95,55,1.47,200.14,76.01,258.2,32.15
29/03/2023,0.17,0,9.72,18.83,25,9.73,25.12,65,0.14,55.1,83.82,260.2,31.69
30/03/2023,0.45,0.01,9.64,18.91,26,9.64,25.02,66,2,196.91,71.79,286,31.84
31/03/2023,0.26,0,9.6,18.83,25,9.52,25,63,1.55,206.51,73.82,273.8,31.94
01/04/2023,2.52,0.06,9.6,18.89,26,9.6,24.97,58,1.36,203.79,76.11,251.6,31.26
02/04/2023,1.22,0.03,9.62,18.84,26,9.62,25,46,1.46,203.18,74.24,138.6,32.87
03/04/2023,3.14,0.06,9.64,18.87,26,9.64,25.03,47,1.35,206.47,75.28,,32.12
04/04/2023,1.51,0.12,9.27,19.05,26,9.3,25.06,54,0.8,218.93,80.7,265.4,30.63
05/04/2023,1.63,0.02,8.98,19.23,25,8.98,25.12,48,0.23,204.56,78.97,239.2,33.02
06/04/2023,0.27,0.03,8.93,19.22,26,8.93,25.01,47,0.36,214.19,81.21,265.6,31.52
07/04/2023,0.95,0.03,8.97,19.26,26,8.97,25.1,42,0.18,165.22,80.27,324.2,31.45
08/04/2023,0.85,0,8.91,19.27,26,8.87,24.98,36,0.31,16.35,78.36,303.4,31.67
09/04/2023,2.01,0,8.91,19.27,25,8.91,24.98,40,0.16,291.81,79.2,278.9,31.54
10/04/2023,3.06,0.07,8.95,19.21,25,8.95,25.05,43,0.15,105.99,79.43,264.4,30.06
11/04/2023,0.67,0.03,8.87,19.24,26,8.87,24.9,44,0.12,74.44,76.48,241,31.07
12/04/2023,0.92,0.01,8.94,19.19,26,8.88,25.05,50,0.19,49.93,75.99,239,31.52
13/04/2023,0.41,0.04,8.93,19.22,25,8.93,25.01,64,0.18,161.13,79.02,239.1,31.5
14/04/2023,0.14,0.01,8.91,19.18,25,8.91,24.98,70,0.89,210.09,78.68,239,31.95
15/04/2023,0.62,0.11,8.92,19.22,25,8.92,25,68,1.25,210.8,77.64,239,30.53
16/04/2023,2.88,0,8.94,19.27,26,8.94,25.04,61,1.05,213.21,76.92,239.1,31.29
17/04/2023,0.51,0.01,8.91,19.25,26,8.91,24.99,64,1.07,215.59,75.99,239.1,31.77
18/04/2023,0.49,0.02,8.88,19.22,25,8.88,24.93,69,0.5,212.6,78.35,239.1,32.36
19/04/2023,2.34,0.07,8.93,19.26,26,8.93,25.01,66,0.55,204.28,79.08,239.2,32.66
20/04/2023,0.94,0.06,8.91,19.2,26,8.91,24.99,61,0.5,212.42,82.77,290.7,32.94
21/04/2023,1.33,0.03,8.96,19.24,26,8.96,25.08,54,0.83,205.19,83.24,274,32.87
22/04/2023,1.61,0,8.94,19.19,26,8.94,25.04,50,1.33,211.88,72.93,239.1,32.74
23/04/2023,1.62,0,8.95,19.21,26,8.95,25.05,53,1.27,213.23,73.48,239.1,33.02
24/04/2023,0.23,0.01,8.91,19.25,26,8.91,24.99,83,0.68,216.49,71.66,239.1,33.29
25/04/2023,3.74,0.04,8.94,19.25,25,8.94,25.04,48,0.42,22.43,79.73,253.3,33.21
26/04/2023,0.31,0.05,8.86,19.23,25,8.9,24.9,43,0.32,324.38,82.55,290.4,32.69
27/04/2023,0.46,0.16,8.91,19.24,26,8.91,24.98,39,0.1,15.58,85.9,274.6,32.21
28/04/2023,0.85,0.03,8.87,19.31,26,8.87,24.91,41,0.32,14.97,86.51,298.6,33.07
29/04/2023,1.1,0.02,8.97,19.22,26,8.97,25.09,41,0.16,335.93,92.34,331.2,33.1
30/04/2023,1.84,0,8.91,19.23,26,8.91,24.98,34,0.38,24.21,84.27,241.3,33.15
01/05/2023,0.34,0.04,8.9,19.25,26,8.9,24.96,30,0.4,328.66,85.54,264,32.13
02/05/2023,0.24,0.01,8.94,19.29,25,8.94,25.03,25,0.16,248.33,84.13,276,30.81
03/05/2023,2.39,0.1,8.9,19.24,26,8.9,24.96,27,0.88,219.8,82.68,431.7,31
04/05/2023,2.14,0.01,8.55,18.51,26,8.55,24.57,38,0.92,218.75,74.51,239,30.79
05/05/2023,0.48,0.07,7.95,17.41,26,7.95,23.83,57,0.55,225.42,79.56,253.5,29.54
06/05/2023,0.57,0,7.94,17.34,25,7.94,23.82,52,0.77,219.57,78.34,241,30.93
07/05/2023,0.32,0.01,7.92,17.37,25,7.92,23.78,37,1.05,225.57,78.66,248.3,29.54
08/05/2023,1.49,0.01,7.9,17.34,26,7.9,23.75,41,1.2,216.14,76.33,239.4,33.29
09/05/2023,0.64,0.02,7.93,17.36,25,7.97,23.79,42,0.93,219.36,86.39,305.3,31.9
10/05/2023,0.02,0.02,7.92,17.31,26,7.92,23.78,38,1.14,215.41,82.27,306.1,30.66
11/05/2023,0.45,0.01,7.92,17.36,26,7.92,23.78,37,0.66,214.48,86.28,312.6,31.02
12/05/2023,0.77,0.02,7.95,17.34,25,8.01,23.82,31,0.14,99.01,84.68,315.4,31.07
13/05/2023,1.83,0.01,7.96,17.34,25,7.96,23.84,28,0.43,201.94,86.07,290.9,32.33
14/05/2023,0.03,0.01,7.96,17.31,26,7.96,23.84,33,1.18,200.98,81.94,251.3,31.44
15/05/2023,2.64,0.14,7.94,17.34,26,7.94,23.81,37,1.45,205.55,78.91,239.3,31.58
16/05/2023,2.27,0.1,7.97,17.4,26,7.94,23.89,45,1.26,217.64,78.97,239.3,31.17
17/05/2023,0.38,0.19,7.9,17.29,26,7.93,23.78,56,1.08,219.05,83.04,239.3,32.4
18/05/2023,0.19,0.15,7.95,17.38,26,7.95,23.84,60,0.86,203.11,73.12,239.3,30.51
19/05/2023,0.33,0.17,7.93,17.33,26,7.93,23.77,78,0.19,207.99,84.21,272.8,31.76
20/05/2023,0.42,0.1,7.96,17.35,26,7.96,23.78,58,0.89,217.74,78.58,239.3,31.65
21/05/2023,1.92,0.01,7.98,17.34,25,7.98,23.83,44,0.73,217.58,81.99,246.5,31.8
22/05/2023,1.46,0.02,7.89,17.39,26,7.89,23.84,41,0.1,303.89,86.97,336.1,32.12
23/05/2023,3.3,0.01,7.99,17.32,26,7.99,23.8,28,0.34,41.37,82.77,308.5,32.96
24/05/2023,3.91,0.09,7.94,17.35,26,7.94,23.83,34,0.07,101.27,80.65,239.2,33.26
25/05/2023,0.77,0.01,7.96,17.36,26,7.96,23.72,37,0.51,220.25,84.01,272.3,33.17
26/05/2023,0.22,0.01,7.88,17.33,26,7.87,23.82,46,0.8,217.78,86.58,812.3,32.5
27/05/2023,1.87,0,7.95,17.3,25,7.95,23.83,40,1.24,215.85,83.01,297,34.53
28/05/2023,1.43,0.03,7.96,17.36,26,7.96,23.79,42,1.18,216.99,80.41,268.2,32.43
29/05/2023,0.46,0.04,7.95,17.35,26,7.95,23.81,50,1.06,212.76,80.3,239,32.85
30/05/2023,0.91,0.01,7.93,17.31,25,7.93,23.79,56,0.4,216.93,81.16,239,32.46
31/05/2023,0.03,0.01,7.96,17.43,25,7.93,23.82,52,0.25,224.44,82.93,239.3,30.7
01/06/2023,0.47,0.02,7.91,17.29,26,7.91,23.76,58,0.59,231.65,82.84,239.1,30.66
02/06/2023,0.15,0.04,7.94,17.35,25,7.94,23.8,54,1.1,219.95,79.4,239.2,31.75
03/06/2023,1.69,0.03,7.96,17.38,26,7.96,23.84,42,0.89,214.04,80.58,239.2,32.36
04/06/2023,3.19,0.08,7.93,17.36,25,7.93,23.79,30,1.09,212.32,83.08,371.5,32.32
05/06/2023,0.16,0.05,7.89,17.34,25,7.89,23.74,30,1.06,213.19,85.66,268,32.33
06/06/2023,0.89,0.06,7.96,17.36,26,7.96,23.85,30,1.2,213.72,82.9,284,31.76
07/06/2023,0.26,0.22,7.94,17.36,26,7.94,23.81,29,0.88,219.59,93.24,542,30.51
08/06/2023,0.5,0.02,7.94,17.4,26,7.94,23.8,28,0.94,222.97,86.34,315.7,34.53
09/06/2023,2.59,0.04,7.92,17.37,26,7.92,23.78,31,1.03,218.86,85.2,309,31.97
10/06/2023,1.9,0.01,7.94,17.34,25,7.94,23.81,29,1.09,215.33,80.78,243.2,31.46
11/06/2023,0.66,0.01,7.93,17.35,26,7.93,23.8,31,0.46,228.97,86.99,294.6,32.44
12/06/2023,1.49,0.04,7.97,17.33,26,7.97,23.85,33,0.59,220,95.1,335.5,32.73
13/06/2023,0.2,0.01,7.99,17.35,26,7.95,23.87,30,0.56,220.48,87.1,285.6,31.28
14/06/2023,2.05,0.01,7.97,17.37,26,7.91,23.82,37,0.98,209.37,80.37,239.3,31.43
15/06/2023,1.95,0.04,7.97,17.4,26,7.97,23.79,44,1.07,208.74,79.04,239.3,31.2
16/06/2023,1.98,0.03,7.94,17.32,26,7.94,23.81,43,1.12,206.89,82.76,239.5,29.77
17/06/2023,1.06,0.01,7.96,17.3,25,7.96,23.81,46,0.77,219,88.78,240.2,29.64
18/06/2023,1.71,0.02,7.98,17.31,26,7.98,23.77,31,0.6,218.54,88.7,656.3,29.75
19/06/2023,0.82,0.01,7.9,17.34,26,7.9,23.82,45,0.8,214.51,87.17,448.1,30.72
20/06/2023,0.17,0.1,7.97,17.35,25,7.97,23.88,47,0.78,219.98,86.15,322.2,30.13
21/06/2023,1.18,0.15,7.92,17.33,26,7.92,23.85,49,0.87,213.41,86.33,239.3,29.13
22/06/2023,1.86,0.01,7.9,17.32,26,7.9,23.86,48,0.97,212.97,80.85,239.3,29.61
23/06/2023,1.19,0.01,7.93,17.31,26,7.93,23.8,55,0.98,214.89,79.18,239.3,30.95
24/06/2023,0.52,0.01,7.93,17.33,26,7.93,23.75,55,0.94,220.66,77.38,239.3,31.82
25/06/2023,1.68,0,7.94,17.37,26,7.94,23.8,41,0.71,221.88,85.89,313,31.51
26/06/2023,2.37,0.02,7.92,17.37,25,7.92,23.79,28,0.96,219.91,85.66,268,30.15
27/06/2023,0.57,0.06,7.99,17.37,25,7.99,23.78,26,0.79,221.68,97.18,330,29
28/06/2023,2.36,0.02,7.97,17.32,25,7.97,23.76,30,0.68,222.78,82.42,483.9,29.7
29/06/2023,0.57,0.02,7.93,17.38,25,7.93,23.79,31,0.88,217.98,88.4,459.1,30.67
30/06/2023,1.74,0.02,7.92,17.32,25,7.93,23.82,31,0.85,211.92,82.73,261.9,30.28
01/07/2023,0.69,0.03,7.97,17.34,26,7.97,23.86,45,1.03,223.51,82.55,239.2,29.62
02/07/2023,1.14,0,7.92,17.34,26,7.92,23.78,36,1.03,226.16,87.57,307.8,29.36
03/07/2023,1.44,0.12,7.95,17.37,26,7.95,23.83,28,0.94,232.22,96.06,712.5,26.73
04/07/2023,1.1,0.02,7.91,17.32,26,7.83,23.77,31,0.74,204.55,96.95,0,29.25
05/07/2023,4.26,0.01,7.91,17.34,26,7.91,23.77,31,0.99,224.73,96.33,0,29.05
06/07/2023,2.07,0.02,7.91,17.33,25,7.91,23.77,35,1.05,224.83,92.3,0,30.45
07/07/2023,1.21,0.02,7.93,17.38,25,8.01,23.79,33,0.87,227.3,93.96,0,26.73
08/07/2023,0.82,0.01,7.89,17.39,26,7.89,23.74,33,0.91,235.36,87.62,0,32.73
09/07/2023,2.31,0.01,7.92,17.37,25,7.92,23.78,35,1.17,230.23,82.38,480.9,30.38
10/07/2023,0.39,0.01,7.89,17.38,25,8.01,23.74,42,28.43,87.65,230.1,440.2,30.67
11/07/2023,0.84,0.01,7.91,17.39,26,7.89,23.48,47,30.31,82.83,225.4,410.5,29.96
12/07/2023,3.01,0.01,7.93,17.37,25,7.92,23.68,45,30.63,83.28,231,369.2,26.93
13/07/2023,0.98,0.02,7.92,17.37,26,7.89,23.79,41,30.4,96.93,235.6,371.4,26.79
14/07/2023,2.06,0.01,7.93,17.37,26,8.01,23.77,36,29.61,99.87,220.8,365.2,27.41
15/07/2023,1.12,0.01,7.87,17.39,26,8.02,23.79,34,29.93,93.96,230.3,370.4,28.21
16/07/2023,2.05,0.01,7.83,17.38,25,7.94,23.81,40,30.09,87.62,232.6,395.4,28.48
17/07/2023,3.21,0.02,7.72,17.38,25,8.09,23.95,42,30.26,87.99,229.1,407.6,29.12
18/07/2023,3.69,0.03,7.81,17.39,26,8.13,23.58,40,30.53,93.18,229.6,412.8,30.24
19/07/2023,1.16,0.03,7.97,17.31,26,7.98,23.75,37,30.19,96.39,231.7,400.3,0.97
20/07/2023,3.1,0.01,7.93,17.37,26,7.93,23.71,35,29.5,87.92,230.2,398.2,0.82
21/07/2023,4,0.02,7.87,17.63,26,8.06,23.74,38,29.83,87.53,235.6,395.4,1.21
22/07/2023,1.45,0.01,7.85,17.65,26,7.81,23.73,39,29.19,87.31,238.4,391.1,0.85
23/07/2023,1.18,0.01,7.87,17.35,26,7.7,23.74,39,29.01,87.25,212.5,387.4,0.92
24/07/2023,0.91,0.02,7.73,17.48,25,7.34,23.26,37,28.24,94.35,237.4,398,0.95
25/07/2023,0.53,0.08,7.85,17.37,26,7.65,23.35,38,29.23,85.78,239,310.1,0.87
26/07/2023,1.11,0.03,7.87,17.54,26,7.82,24.74,38,28.68,86.48,237.5,230.8,0.98
27/07/2023,1.23,0.56,7.87,7.89,25,7.87,25.25,38,29.52,80.31,223.4,89,1.71
28/07/2023,4.62,0.67,7.88,7.83,25,7.88,25.58,37,30.57,73.02,224.1,102.6,1.58
29/07/2023,4.56,0.75,7.85,7.81,25,7.85,25.13,38,30.42,77.95,222.9,100.6,1.28
30/07/2023,3.44,0.77,7.94,7.83,25,7.94,25.55,39,30.58,78.5,223.6,102.6,0.86
31/07/2023,1.57,0.76,7.91,7.85,26,7.91,25.39,38,30.47,80.58,222.1,101.2,0.85
01/08/2023,1.89,0.76,7.86,7.83,25,7.86,25.19,38,30.57,81.58,224.7,102.3,1.03
02/08/2023,0.81,0.76,7.89,7.86,25,7.89,25.31,38,30.62,83.05,222.4,103.2,1.12
03/08/2023,0.35,0.76,7.92,8.92,25,7.92,25.44,38,30.76,83.21,223.1,105,1.41
04/08/2023,0.34,0.76,7.86,10.83,25,7.86,25.19,38,30.95,81.17,223.4,106.7,1.37
05/08/2023,1.45,0.77,7.92,10.83,25,7.92,25.44,39,31.12,75.33,227.5,109.6,1.33
06/08/2023,1.44,0.75,7.83,10.81,25,7.83,25.18,38,30.7,80.03,224,104.2,1.3
07/08/2023,1.34,0.76,7.86,10.91,26,7.86,25.04,38,30.49,82.26,222.2,101.5,0.82
08/08/2023,0.43,0.76,7.91,10.84,25,7.91,25.41,38,30.31,82.77,222.3,99.17,30.67
09/08/2023,0.63,0.76,7.87,10.79,25,7.87,25.23,38,30.36,81.92,227.1,99.86,9.51
10/08/2023,1.51,0.75,7.85,10.9,25,7.85,25.14,38,30.05,85.59,225,95.86,1.3
11/08/2023,2.12,0.77,7.91,10.82,25,7.91,25.58,38,30.42,85.1,224.2,100.7,1.21
12/08/2023,1.66,0.76,7.87,10.84,25,7.87,25.23,38,30.48,81,221.4,101.3,1.33
13/08/2023,1.15,0.76,7.91,10.83,25,7.91,25.4,38,30.48,80.98,224.6,101.4,1.24
14/08/2023,0.45,0.76,7.89,10.79,25,7.89,25.31,38,30.35,82.84,220.3,100.1,1.33
15/08/2023,0.58,0.76,7.89,10.7,26,7.89,25.34,38,30.5,81.1,222.2,101.7,1.31
16/08/2023,1.35,0.76,7.89,10.83,25,7.89,25.32,44,30.05,82.94,229.8,95.85,1.19
17/08/2023,0.36,0.76,7.85,10.86,25,7.85,25.15,47,30.83,80.78,222.4,105.9,1.16
18/08/2023,4.8,0.77,7.94,10.84,25,7.94,25.55,43,31.01,83.33,219.1,108.2,1.1
19/08/2023,2.27,0.75,7.84,10.89,26,7.84,25.12,41,29.19,90.13,247.6,84.7,1.06
20/08/2023,1.95,0.75,7.98,10.84,25,7.84,25.38,46,30.34,70.25,236,117.3,1.17
21/08/2023,0.09,0.76,7.89,10.89,26,7.9,25.32,63,31.78,77.32,216.2,118.2,1.19
22/08/2023,1.56,0.76,7.92,10.77,25,7.92,25.44,49,31.27,80.11,224.1,111.6,1.19
23/08/2023,1.97,0.77,7.97,10.86,25,7.97,25.64,40,31.2,79.39,222.7,110.7,1.09
24/08/2023,0.3,0.76,7.9,10.84,25,7.9,25.36,38,30.94,77.16,225.9,107.3,0.98
25/08/2023,0.67,0.77,7.96,10.78,26,7.96,25.63,39,29.13,87.52,243.4,84.02,0.31
26/08/2023,0.12,0.76,7.9,10.93,25,7.9,25.37,35,31.4,76.72,230.6,112.8,0.53
27/08/2023,1.52,0.75,7.78,10.83,25,7.78,24.85,38,31.49,80.31,227.6,114.4,0.94
28/08/2023,0.56,0.75,7.85,10.83,25,7.85,25.15,38,31.35,80.02,223.1,112.5,0.81
29/08/2023,1.58,0.76,7.89,10.8,25,7.89,25.33,38,29.56,87.41,225.3,89.49,1.28
30/08/2023,2.98,0.77,7.93,10.88,25,7.93,25.5,39,29.69,85.02,231.4,91.24,1.39
31/08/2023,0,0.76,7.89,10.86,25,7.89,25.32,38,30.76,85.26,223.6,105,1.22
01/09/2023,0.07,0.76,7.88,10.93,25,7.88,25.19,38,30.88,86.23,215.1,106.5,1
02/09/2023,1.03,0.76,7.9,10.93,25,7.9,25.36,38,28.91,95.01,250.3,81.18,1.08
03/09/2023,1.91,0.77,7.9,10.84,25,7.9,25.46,39,29.04,94.02,227.3,82.86,0.81
04/09/2023,2.24,0.76,7.83,10.82,25,7.83,25.35,38,29.85,85.96,229,93.2,0.88
05/09/2023,2.62,0.76,7.87,10.8,25,7.87,25.21,38,29.89,87.08,226.9,93.73,1.2
06/09/2023,1.89,0.76,7.86,10.8,25,7.86,25.19,38,29.2,88.42,246.9,84.7,1.03
07/09/2023,2.82,0.77,7.94,10.83,25,7.94,25.54,39,28.25,94.3,239.9,72.61,0.31
08/09/2023,1.03,0.77,7.93,10.88,26,7.93,25.51,45,29.34,89.84,256.6,86.71,1.39
09/09/2023,0.92,0.75,7.8,10.95,25,7.8,24.92,42,28.79,90.82,211.6,79.61,1.07
10/09/2023,1.35,0.76,7.91,10.85,25,7.91,25.39,38,28.95,88.68,234.1,81.63,0.38
11/09/2023,0.86,0.77,7.91,10.87,26,7.91,25.42,39,28.41,93.5,233.6,74.67,0.42
12/09/2023,2.32,0.76,7.83,10.89,25,7.83,25.08,38,30.04,85,222.5,95.68,0.35
13/09/2023,0.23,0.76,7.91,10.81,25,7.91,25.43,41,29.96,90.55,219.6,93.98,1.13
14/09/2023,0.19,0.76,7.85,10.77,25,7.85,25.16,44,29.38,93.78,231.5,87.23,0.61
15/09/2023,2.47,0.77,7.93,10.81,25,7.93,25.49,42,29.48,91.37,246,88.47,0.55
16/09/2023,2.9,0.75,7.85,10.89,25,7.85,25.13,40,28.1,96.74,332.5,70.69,0.71
17/09/2023,2.79,0.76,7.89,10.82,25,7.89,25.34,38,28.97,92.65,354,81.86,0.54
18/09/2023,0.36,0.75,7.79,10.87,25,7.79,24.9,38,28.65,96.09,328.5,77.81,0.55
19/09/2023,0.16,0.77,7.93,10.84,25,7.93,25.51,38,29.03,91.95,229.4,82.74,0.99
20/09/2023,0.93,0.76,7.87,10.74,26,7.87,25.4,47,30.15,91.31,241.4,96.93,0.96
21/09/2023,1.86,0.76,7.87,10.86,26,7.87,25.42,48,29.84,91.04,219.3,93.17,1.14
22/09/2023,2.83,0.76,7.91,10.86,26,7.91,25.24,42,29.04,92.02,232.3,82.83,0.7
23/09/2023,1.22,0.76,7.85,10.89,25,7.86,25.11,43,30.07,88.17,230.7,96.06,0.41
24/09/2023,1.34,0.76,7.92,10.84,26,7.92,25.43,41,29.85,86.21,231.7,93.23,0.55
25/09/2023,1.92,0.76,7.89,10.82,25,7.89,25.31,45,30.29,86.69,236.1,98.94,0.26
26/09/2023,3.09,0.76,7.91,10.93,25,7.91,25.42,48,30.72,88.48,230.1,104,0.11
27/09/2023,0.53,0.76,7.87,10.89,25,7.88,25.24,47,30.54,87.8,235.9,102.1,0.07
28/09/2023,1.81,0.76,7.87,10.9,25,7.87,25.21,48,29.29,89.2,240.7,86.08,0.36
29/09/2023,1.62,0.77,7.95,10.9,25,7.95,25.58,43,27.26,102.79,320.9,59.82,0.5
30/09/2023,1.59,0.77,7.94,10.83,25,7.94,25.55,41,28.43,99.6,303.5,75.3,0.67
01/10/2023,2.01,0.75,7.5,10.11,25,7.6,25.65,38,2814,96.51,216.6,89.34,0.87
02/10/2023,2.05,0.76,7.9,10.85,25,7.9,25.35,41,29.89,91.48,236.5,93.75,0.68
03/10/2023,2.06,0.77,7.95,10.77,26,7.95,25.56,42,27.6,103.1,5.85,64.32,0.67
04/10/2023,2.05,0.76,7.91,10.87,25,7.91,25.41,39,28.65,96.29,35.57,77.86,0.55
05/10/2023,2.06,0.77,7.93,10.86,26,7.93,25.48,45,30.34,88.81,241,99.54,0.36
06/10/2023,2.04,0.75,7.83,10.92,26,7.83,25.06,49,30.68,85.78,239.8,103.9,0.18
07/10/2023,2.05,0.76,7.9,10.87,26,7.9,25.35,61,30.87,80.81,236.1,106.5,0.07
08/10/2023,2.06,0.77,7.97,10.86,25,7.97,25.67,57,30.77,84.38,342.8,105.1,1.14
09/10/2023,2.05,0.76,7.9,10.83,25,7.9,25.61,60,31.41,80.54,253.3,113.3,0.58
10/10/2023,2.06,0.77,7.89,10.81,25,7.89,25.36,54,30.63,85.92,350.1,103.4,0.61
11/10/2023,2.05,0.76,7.89,10.85,25,7.89,25.32,50,29.7,91.83,211.4,91.31,0.17
12/10/2023,2.05,0.76,7.89,10.86,25,7.89,25.34,60,28.49,94.84,257.9,75.7,0.46
13/10/2023,2.05,0.76,7.88,10.8,26,7.87,25.27,51,29.3,92.08,11.59,86.19,0.44
14/10/2023,2.05,0.76,7.87,10.8,25,7.87,25.24,48,29.3,92.6,270.1,86.15,0.26
15/10/2023,2.05,0.76,7.86,10.94,26,7.86,25.2,49,28.02,96.83,261.1,69.65,0.6
16/10/2023,2.05,0.76,7.88,10.88,25,7.88,25.27,46,30.49,85.66,31.55,101.5,0.67
17/10/2023,2.04,0.75,7.84,10.8,25,7.84,25.11,46,30.38,84.44,259.7,100.1,0.17
18/10/2023,2.05,0.76,7.9,10.79,26,7.9,25.38,52,29.32,94.32,318.6,86.49,0.31
19/10/2023,2.05,0.76,7.91,10.85,25,7.9,25.42,71,29.49,91.59,274.4,88.57,0.22
20/10/2023,2.05,0.77,7.93,10.86,25,7.93,25.48,64,29.13,91.67,339.9,83.94,0.12
21/10/2023,2.05,0.76,7.92,10.83,25,7.92,25.28,75,30.09,87.49,29.66,96.29,0.38
22/10/2023,2.05,0.76,7.88,10.92,25,7.88,25.15,81,29.3,91.65,3.48,86.24,0.33
23/10/2023,2.05,0.76,7.89,10.82,25,7.89,25.36,62,28.45,94.77,311,75.23,0.11
24/10/2023,2.05,0.76,7.88,10.92,26,7.88,25.26,59,29.47,89.59,30.73,88.37,0.19
25/10/2023,2.05,0.76,7.87,10.84,25,7.87,25.23,68,29.98,87.38,0.31,94.94,0.22
26/10/2023,2.04,0.75,7.83,10.87,25,7.81,25.04,52,29.91,88.15,4.63,93.06,0.41
27/10/2023,2.05,0.76,7.86,10.93,25,7.86,25.17,78,31.42,83.23,174.8,112.9,0.15
28/10/2023,2.05,0.76,7.9,10.82,25,7.9,25.35,82,29.97,90.95,27.03,94.77,0.32
29/10/2023,2.05,0.76,7.92,10.91,25,7.92,25.46,81,29.55,93.97,19.57,89.44,0.22
30/10/2023,2.05,0.75,7.81,10.86,25,7.81,25.25,68,30.68,90.15,16.52,90.28,0.15
31/10/2023,2.05,0.75,7.86,10.83,25,7.86,25.35,66,30.28,91.98,18.25,91.25,0.23
01/11/2023,3.09,0.76,7.91,10.93,25,7.91,25.42,48,30.72,88.48,230.1,104,0.56
02/11/2023,0.53,0.76,7.87,10.89,25,7.88,25.24,49,30.54,87.8,235.9,102.1,0.14
03/11/2023,1.03,0.76,7.9,10.93,25,7.9,25.36,42,28.91,95.01,250.3,81.18,0.23
04/11/2023,4.8,0.77,7.94,10.84,25,7.94,25.55,40,31.01,83.33,219.1,108.2,0.37
05/11/2023,2.27,0.75,7.84,10.89,26,7.84,25.12,41,29.19,90.13,247.6,84.7,0.25
01/01/2024,7.33,0.53,3.02,7.12,10.32,3.02,28.55,71,0.3,14.82,84.89,91.18,29.69
01/02/2024,7.05,0.41,3,7.15,10.37,3,28.28,70,0.48,32.51,84.1,97.68,30.19
01/03/2024,8.52,0.54,3,7.11,10.42,3,28.35,72,0.3,30.13,81.98,101.35,30.48
01/04/2024,6.77,0.45,2.99,7.16,10.33,2.99,28.23,74,0.3,31.6,80.5,109.78,31.13
01/05/2024,8.87,0.54,3.02,7.19,10.48,3.02,28.82,76,0.29,222.75,83.44,94.73,29.96
01/06/2024,7.02,0.59,3.08,7.19,10.45,3.08,30.22,83,0.27,14.58,83.12,97.65,30.19
01/07/2024,7.55,0.49,3.06,7.21,10.29,3.06,29.94,83,0.31,11.77,89.4,93.5,29.87
01/08/2024,8.89,0.56,3.04,7.14,10.44,3.04,29.77,80,0.27,14.9,92.04,88.57,29.49
01/09/2024,6.45,0.57,3.03,7.14,10.43,3.03,29.6,76,0.42,335.03,91.84,78.83,28.73
01/10/2024,7.91,0.61,3.02,7.11,10.35,3.02,29.52,76,0.19,30.26,80.64,94.51,29.95
01/11/2024,7.2,0.52,3.08,7.12,10.24,3.08,30.14,77,0.3,7.63,78.26,96,30.06
01/12/2024,7.27,0.61,3.07,7.11,10.31,3.07,30.04,77,0.45,35.84,69.09,95.28,30.01
1/13/2024,7.2,0.51,3.03,7.18,10.54,3.03,29.68,76,0.36,21.13,70.64,95.87,30.05
1/14/2024,6.27,0.5,3.07,7.14,10.39,3.07,30.1,77,0.38,41.99,82.23,89.37,29.55
1/15/2024,7.02,0.48,3.05,7.16,10.35,3.05,29.84,77,0.29,347.81,73.39,88.59,29.49
1/16/2024,7.65,0.5,3.08,7.14,10.38,3.08,30.12,77,0.54,31.1,73.06,80.14,28.83
1/17/2024,7.29,0.46,3.03,7.17,10.38,3.03,29.66,76,0.71,31.69,70.25,81.48,28.94
1/18/2024,7.73,0.55,3.04,7.17,10.52,3.04,29.42,76,0.52,33.61,69.07,81.26,28.92
1/19/2024,6.56,0.55,3.07,7.15,10.31,3.07,30.07,77,0.25,6.62,77.5,89.75,29.58
1/20/2024,6.8,0.5,3.03,7.04,10.38,3.03,29.65,76,0.26,38.66,81.55,97.1,30.15
1/21/2024,6.64,0.44,3.07,7.17,10.56,3.07,29.72,77,0.21,49.04,79.15,108.2,31.01
1/22/2024,5.99,0.43,3.08,7.09,10.33,3.08,30.09,77,0.31,14.8,79.29,112.33,31.33
1/23/2024,6.47,0.5,3.1,7.06,10.34,3.09,29.38,77,0.31,39.17,83.5,106.89,30.91
1/24/2024,6.13,0.44,3.21,7.18,10.43,3.21,29.03,80,0.36,29.69,80.87,101.42,30.48
1/25/2024,6.78,0.41,3.17,7.05,10.52,3.17,28.66,79,0.2,34.43,82.55,97.48,30.18
1/26/2024,6.43,0.46,3.2,7.03,10.5,3.2,28.99,81,0.38,38.15,72.5,102.62,30.58
1/27/2024,5.91,0.39,3.21,7.08,10.4,3.21,29.02,81,0.44,32.66,68.6,92.17,29.77
1/28/2024,6.46,0.41,3.2,7.14,10.39,3.2,28.91,81,0.4,18.28,72.07,91.78,29.73
1/29/2024,5.75,0.46,3.17,7.24,10.32,3.17,28.71,79,0.42,33.81,74.3,95.71,30.04
1/30/2024,5.5,0.46,3.18,7.08,10.43,3.18,28.77,80,0.36,28,79.09,101.83,30.52
1/31/2024,6.11,0.55,3.2,7.13,10.57,3.2,28.98,79,0.03,256.29,83.68,107.32,30.94
02/01/2024,5.38,0.44,3.22,7.14,10.39,3.22,29.15,80,0.28,243.05,77.85,112.49,31.34
02/02/2024,5.89,0.42,3.18,7.12,10.32,3.18,28.78,79,0.33,37.87,82.1,105.85,30.83
02/03/2024,6.01,0.49,3.16,7.18,10.47,3.16,28.6,78,0.07,219.58,80.49,114.07,31.47
02/04/2024,5.65,0.43,3.21,7.16,10.4,3.21,29.05,79,0.08,33.99,73.55,108.76,31.05
02/05/2024,5.68,0.49,3.16,7.17,10.49,3.16,28.64,80,0.47,37.68,80.68,95.93,30.06
02/06/2024,5.37,0.49,3.16,7.18,10.36,3.16,28.62,82,0.03,235.85,75.09,100.23,30.39
02/07/2024,6.37,0.57,3.2,7.16,10.41,3.2,28.98,83,0.22,23.59,72.15,98.4,30.25
02/08/2024,6.59,0.57,3.22,7.15,10.37,3.22,29.1,83,0.29,39.14,76.46,95.44,30.02
02/09/2024,5.63,0.46,3.22,7.05,10.51,3.22,29.15,84,0.41,10.19,70.41,98.28,30.24
02/10/2024,6.84,0.49,3.17,7.14,10.28,3.17,28.71,82,0.21,312.24,66.56,107.93,30.99
02/11/2024,6.42,0.47,3.22,7.06,10.36,3.22,29.13,84,0.05,220.83,66.62,106.39,30.87
02/12/2024,6.95,0.48,3.19,7.12,10.35,3.19,28.87,83,0.09,52.15,74.6,101.63,30.5
2/13/2024,7.12,0.47,3.16,7.16,10.48,3.16,28.62,82,0.12,331.24,72.41,111.55,31.27
2/14/2024,5.1,0.52,3.16,7.1,10.41,3.16,28.57,82,0.08,217.55,75.48,113.29,31.4
2/15/2024,7.23,0.48,3.17,7.07,10.46,3.17,28.65,83,0.04,322.15,66.45,113.19,31.4
2/16/2024,7.3,0.45,3.19,7.12,10.46,3.19,28.83,84,0.21,55.58,74.34,114.53,31.5
2/17/2024,6.65,0.42,3.14,7.17,10.45,3.14,28.43,83,0.21,69.47,78.95,115.49,31.58
2/18/2024,7.87,0.45,3.2,7.15,10.21,3.2,28.98,84,0.05,341.97,79.46,114.85,31.53
2/19/2024,6.73,0.42,3.18,7.06,10.41,3.18,28.76,84,0.33,40.61,77.51,111.77,31.29
2/20/2024,8.44,0.48,3.18,7.15,10.29,3.18,28.77,84,0.24,26.76,77.52,109.28,31.09
2/21/2024,6.24,0.44,3.19,7.18,10.41,3.19,28.86,84,0.24,245.05,76.39,120.48,31.96
2/22/2024,7.42,0.47,3.18,7.1,10.48,3.18,28.73,83,0.78,229.72,78.3,122.45,32.12
2/23/2024,7.41,0.51,3.21,7.12,10.48,3.21,29,84,0.71,231.73,75.84,117.74,31.75
2/24/2024,6.2,0.42,3.2,7.02,10.42,3.2,28.97,84,1.02,232.71,74.21,122.45,32.12
2/25/2024,7.39,0.43,3.17,7.11,10.4,3.17,28.66,83,0.15,212.51,75.09,118.76,31.83
2/26/2024,5.84,0.56,3.14,7.15,10.43,3.14,28.45,83,0.3,249.23,65.91,127.13,32.48
2/27/2024,7.22,0.43,3.2,7.14,10.36,3.2,28.94,84,0.04,115.72,64.83,130.15,32.71
2/28/2024,6.44,0.5,3.15,7.12,10.44,3.15,28.52,83,0.38,241.52,61.48,127.08,32.47
2/29/2024,7.04,0.48,3.17,7.03,10.57,3.17,28.67,83,0.46,241.66,63.42,127.33,32.49
03/01/2024,6.54,0.57,3.2,7.18,10.31,3.2,28.91,84,0.1,289.37,58.61,112.82,31.37
03/02/2024,7.85,0.44,3.18,7.12,10.55,3.18,28.78,84,0.26,54.01,66.91,119.62,31.9
03/03/2024,6.77,0.46,3.22,7.13,10.29,3.22,29.13,85,0.07,267.9,62.75,120,31.93
03/04/2024,5.44,0.45,3.15,7.15,10.38,3.15,28.47,83,0.04,247.35,74.04,119.47,31.88
03/05/2024,7.96,0.47,3.2,7.07,10.28,3.2,29.1,84,0.31,248.54,76.5,124.09,32.24
03/06/2024,6.44,0.49,3.26,7.11,10.36,3.26,29.84,87,1.1,230.66,76.14,122.74,32.14
03/07/2024,4.6,0.5,3.28,7.2,10.35,3.28,30.04,87,0.35,239.17,77.51,121.72,32.06
03/08/2024,4.17,0.43,3.21,7.24,10.45,3.21,29.43,85,0.26,233.05,78.52,122.08,32.09
03/09/2024,6.29,0.42,3.27,7.11,10.36,3.27,29.95,87,0.13,238.4,78.24,123.63,32.21
03/10/2024,5.99,0.42,3.23,7.14,10.46,3.23,29.57,86,0.4,39.06,74.99,126.6,32.44
03/11/2024,5.29,0.45,3.29,7.17,10.42,3.29,30.13,87,0.15,335.1,74.23,124.06,32.24
03/12/2024,6.15,0.44,3.23,7.08,10.46,3.23,29.54,86,0.21,32.37,67.16,126.62,32.44
3/13/2024,6.34,0.49,3.24,7.06,10.36,3.24,29.65,86,0.16,220.37,72.32,126.26,32.41
3/14/2024,5.94,0.48,3.27,7.18,10.43,3.27,29.93,87,0.88,228.28,75.86,130.65,32.75
3/15/2024,5.16,0.49,3.31,7.18,10.45,3.31,30.3,93,1.18,225.98,75.19,130.16,32.71
3/16/2024,5.41,0.49,3.28,7.06,10.5,3.28,30,99,0.7,226.28,75.39,131.86,32.85
3/17/2024,5.42,0.41,3.26,7.14,10.41,3.26,29.82,99,0.39,38.32,73.62,130.25,32.72
3/18/2024,5.24,0.46,3.21,7.09,10.43,3.21,29.43,98,0.13,31.89,73.07,129.08,32.63
3/19/2024,5.14,0.46,3.22,7.14,10.47,3.22,29.5,98,0.35,37.62,66.96,128.04,32.55
3/20/2024,7.03,0.41,3.2,7.18,10.46,3.2,29.35,98,0.36,39.2,67.37,121.25,32.02
3/21/2024,6.06,0.5,3.23,7.07,10.42,3.23,29.57,98,0.14,296.89,69.41,132.45,32.89
3/22/2024,5.95,0.46,3.25,7.12,10.41,3.25,29.73,99,0.28,227.6,72.79,128.1,32.55
3/23/2024,6.17,0.44,3.24,7.09,10.39,3.24,29.7,98,0.21,53.52,79.71,119.43,31.88
3/24/2024,6.86,0.43,3.24,7.18,10.54,3.24,29.7,98,0.23,0.59,76.84,122.17,32.09
3/25/2024,5.15,0.5,3.27,7.08,10.57,3.27,29.96,99,0.16,42.66,73.7,123.17,32.17
3/26/2024,4.59,0.39,3.23,7.12,10.42,3.23,29.61,98,0.1,343.59,73.42,124.95,32.31
3/27/2024,5.38,0.48,3.24,7.11,10.25,3.24,29.64,98,0.13,21.38,72.98,131.67,32.83
3/28/2024,7.87,0.45,3.26,7.19,10.34,3.26,29.84,99,0.05,119.58,74.48,133.86,33
3/29/2024,6.51,0.43,3.25,7.1,10.28,3.25,29.72,99,0.2,38.14,83.61,112.52,31.35
3/30/2024,5.52,0.43,3.27,6.96,10.38,3.27,29.92,99,0.21,347.52,73.55,135.1,33.1
3/31/2024,3.98,0.47,3.29,7.16,10.31,3.29,30.06,99,0.05,88.6,74.38,132.4,32.89
04/01/2024,6.39,0.44,3.23,7.11,10.44,3.23,29.6,98,0.39,224.29,76.97,131.46,32.82
04/02/2024,5.9,0.52,3.23,7.21,10.22,3.23,29.61,98,0.39,225.74,82.87,126.84,32.46
04/03/2024,4.87,0.48,3.22,7.2,10.42,3.22,29.53,98,0.14,233.47,88.28,119.99,31.93
04/04/2024,5.34,0.47,3.23,7.2,10.32,3.23,29.59,98,0.3,268.04,87.77,117.62,31.74
04/05/2024,7.11,0.55,3.25,7.13,10.42,3.25,29.77,99,0.89,229.66,81.87,128.66,32.6
04/06/2024,4.68,0.41,3.28,7.09,10.37,3.28,30.05,98,0.48,232.93,78.25,136.72,33.22
04/07/2024,5.46,0.46,3.21,7.13,10.37,3.21,29.44,98,0.58,227.88,78.85,136.59,33.21
04/08/2024,4.98,0.43,3.26,7.22,10.39,3.26,29.87,99,0.35,228.57,78.42,140.29,33.5
04/09/2024,7.78,0.46,3.25,7.16,10.5,3.25,29.72,95,0.14,26.19,77.49,140.55,33.52
04/10/2024,6.28,0.46,3.24,7.19,10.39,3.24,29.68,86,0.28,269.4,71.72,140.66,33.53
04/11/2024,5.6,0.45,3.27,7.1,10.36,3.27,29.88,86,0.12,210.81,74.85,135.8,33.15
04/12/2024,5.63,0.49,3.18,7.1,10.41,3.18,29.17,84,0.34,3.77,94.13,99.43,30.33
4/13/2024,6.02,0.49,3.23,7.17,10.41,3.23,29.6,86,0.36,22.47,86.79,118.02,31.77
4/14/2024,4.89,0.42,3.25,7.11,10.5,3.25,29.79,86,0.19,38.21,79.1,129.78,32.68
4/15/2024,4.53,0.5,3.24,7.1,10.48,3.24,29.65,86,0.34,356.47,72.65,137.39,33.27
4/16/2024,5.36,0.48,3.24,7.08,10.38,3.24,29.66,86,0.29,21.22,81.08,124.98,32.31
4/17/2024,6.44,0.44,3.27,7.14,10.47,3.27,29.97,87,0.25,22.01,81.16,132.07,32.86
4/18/2024,5.97,0.47,3.25,7.12,10.39,3.25,29.71,86,0.21,241.25,82.56,133.27,32.96
4/19/2024,4.67,0.42,3.21,7.08,10.37,3.21,29.37,85,0.51,233,80.52,132.41,32.89
4/20/2024,5.28,0.49,3.23,7.14,10.44,3.23,29.57,86,0.83,226.66,76.82,141.11,33.56
4/21/2024,6.1,0.41,3.2,7.16,10.38,3.2,29.33,85,0.59,250.01,77.39,131.09,32.79
4/22/2024,6.65,0.47,3.25,7.12,10.41,3.25,29.73,86,0.76,244.18,73.96,136.66,33.22
4/23/2024,5.52,0.46,3.25,7.12,10.32,3.25,29.72,86,0.35,223.21,79.7,124.21,32.25
4/24/2024,5.19,0.42,3.25,7.12,10.31,3.25,29.74,87,0.46,47.02,84.31,118.4,31.8
4/25/2024,5.47,0.45,3.29,7.1,10.55,3.29,30.08,87,0.55,52.41,81.45,132.76,32.92
4/26/2024,6.42,0.44,3.25,7.07,10.41,3.25,29.8,86,0.55,51.08,78.74,140.12,33.49
4/27/2024,3.89,0.48,3.26,7.11,10.24,3.26,29.85,86,0.15,14.18,81.77,139.09,33.41
4/28/2024,4.42,0.44,3.24,7.06,10.39,3.24,29.63,85,0.29,31.95,79.38,143.01,33.71
4/29/2024,4.84,0.44,3.25,7.1,10.45,3.25,29.75,85,0.39,19.08,79,142,33.63
4/30/2024,6.53,0.52,3.2,7.14,10.21,3.2,29.34,85,0.25,311.13,86.63,124.06,32.24
05/01/2024,4.78,0.48,3.27,7.13,10.43,3.27,29.88,86,0.87,186.51,84.65,127.81,32.53
05/02/2024,4.21,0.42,3.2,7.12,10.31,3.2,29.34,85,0.89,198.85,79.55,148.53,34.14
05/03/2024,4.96,0.49,3.22,7,10.25,3.22,29.5,85,0.89,174.94,76.22,148.94,34.17
05/04/2024,6.43,0.46,3.24,7.09,10.41,3.24,29.7,86,0.94,190.47,77.16,148.02,34.1
05/05/2024,4.65,0.43,3.24,7.16,10.37,3.24,29.63,86,0.94,229.6,76.38,147.02,34.02
05/06/2024,4.87,0.46,3.23,7.06,10.41,3.23,29.57,86,0.94,238.94,71.14,147.16,34.04
05/07/2024,5.52,0.35,3.21,7.23,10.33,3.21,29.43,87,0.89,243.41,68.45,144.84,33.86
05/08/2024,5.05,0.33,3.23,7.17,10.38,3.23,29.58,88,0.84,223.66,71.86,142.25,33.65
05/09/2024,5.09,0.33,3.25,7.07,10.44,3.25,29.72,88,0.82,184.22,72.74,141.4,33.59
05/10/2024,5.13,0.33,3.27,7.14,10.42,3.27,29.92,89,0.8,193.58,76.31,126.4,32.42
05/11/2024,5.08,0.33,3.24,7.2,10.38,3.24,29.69,88,0.77,172.47,80.83,120.42,31.96
05/12/2024,5.05,0.33,3.23,7.1,10.35,3.23,29.57,88,0.87,257.37,85.82,112.41,31.34
5/13/2024,4.96,0.32,3.19,7.08,10.39,3.19,29.23,87,0.9,181.05,86.56,100.99,30.45
5/14/2024,5.12,0.33,3.26,7.16,10.41,3.26,29.87,89,0.86,180.84,86.5,109.18,31.09
5/15/2024,5.1,0.33,3.26,7.2,10.45,3.25,29.79,89,0.91,198.2,89.11,105.92,30.83
5/16/2024,5.08,0.33,3.24,7.2,10.44,3.24,29.69,88,0.92,188.26,95.05,93.17,29.84
5/17/2024,5.42,0.32,3.2,7.12,10.42,3.2,29.29,87,0.92,117.27,96.07,91.14,29.69
5/18/2024,7.42,0.33,3.26,7.2,10.41,3.26,29.83,89,0.9,146.54,94.54,98.3,30.24
5/19/2024,5.11,0.33,3.27,7.17,10.4,3.27,29.92,89,0.97,208.22,92.51,93.54,29.87
5/20/2024,6.24,0.33,3.26,7.13,10.36,3.26,29.81,89,0.99,190.48,98.17,78.02,28.67
5/21/2024,6.66,0.43,2.99,6.5,9.58,2.99,29.81,83,0.91,181.14,96.63,87.31,29.39
5/22/2024,5.44,0.48,2.45,5.2,7.48,2.45,30.15,71,0.86,264.86,102.03,82.2,28.99
5/23/2024,5.85,0.5,2.38,5.23,7.37,2.38,29.51,70,0.88,250.91,102.01,82.56,29.02
5/24/2024,4.73,0.45,2.39,5.16,7.33,2.39,29.66,70,0.88,208.56,99.34,87.07,29.37
5/25/2024,6.66,0.49,2.39,5.23,7.38,2.39,29.65,70,1.01,231.96,93.69,86.73,29.34
5/26/2024,4.55,0.45,2.39,5.16,7.33,2.39,29.62,70,1.02,244.22,99.28,75.76,28.49
5/27/2024,4.83,0.48,2.4,5.23,7.47,2.4,29.7,70,1.09,224.94,92.78,90.07,29.6
5/28/2024,6.45,0.48,2.41,5.2,7.44,2.41,29.77,70,1.01,221.96,96.93,81.7,28.95
5/29/2024,4.44,0.5,2.42,5.21,7.42,2.42,29.93,71,0.95,220.59,103.1,72.88,28.27
5/30/2024,4.47,0.43,2.38,5.25,7.45,2.38,25.6,66,1.1,219.66,95.62,86.16,29.29
5/31/2024,5.03,0.42,1.87,5.39,8,1.87,22.1,56,1.02,220.68,88.74,109.41,31.1
06/01/2024,4.35,0.51,1.71,5.34,7.8,1.71,36.28,61,1.05,226.06,88.3,109.49,31.11
06/02/2024,3.4,0.46,2.12,5.12,7.28,2.12,36.25,61,0.9,216.06,89.15,105.25,30.78
06/03/2024,3.93,0.63,2.11,5.2,7.35,2.11,36.23,61,0.83,210.98,90.98,101.95,30.53
06/04/2024,3.91,0.58,1.8,5.3,7,1.8,36.28,60,0.74,166.42,89.28,109.75,31.13
06/05/2024,4.42,0.52,1.83,5.25,7.12,1.83,36.25,60,0.75,128.45,93.25,105.51,30.8
06/06/2024,4.48,0.49,1.7,5.23,6.8,1.7,36.21,60,0.68,153.48,95.64,99.53,30.34
06/07/2024,4.62,0.53,1.27,5.19,6.45,1.27,36.17,58,0.7,145.59,98.53,93.92,29.9
06/08/2024,3.87,0.61,1.25,5.24,6.36,1.25,36.07,57,0.78,191.48,102.92,81.28,28.92
06/09/2024,3.24,0.55,1.26,5.24,6.41,1.26,36.15,57,0.77,212.31,94.67,91.31,29.7
06/10/2024,3.28,0.6,1.79,5.17,6.87,1.79,36.23,58,0.81,196.07,93.51,103.15,30.62
06/11/2024,2.9,0.64,2.25,5.33,7.61,2.25,36.25,60,0.86,213.89,89.81,104.67,30.74
06/12/2024,3.42,0.69,2.27,5.23,7.38,2.27,36.24,61,0.85,210.15,91.11,104.74,30.74
6/13/2024,4.01,0.67,1.7,5.09,6.75,1.7,36.27,59,0.92,188.33,91.15,107.49,30.96
6/14/2024,4.53,0.63,1.3,5.12,6.31,1.3,36.3,59,1.05,222.25,86.67,111.75,31.29
6/15/2024,3.42,0.58,1.44,5.09,6.43,1.44,36.28,61,0.9,179.24,87.35,110.08,31.16
6/16/2024,3.42,0.55,1.55,4.99,6.56,1.55,36.27,62,0.94,167.65,86.54,108.49,31.03
6/17/2024,3.87,0.5,1.55,5.03,6.55,1.55,36.31,62,0.66,139.41,87.37,113.11,31.39
6/18/2024,4.36,0.57,1.37,5.01,6.42,1.37,36.15,60,0.81,142.23,97.72,92.14,29.76
6/19/2024,4.48,0.55,1.22,4.96,6.08,1.22,36.03,58,0.85,142.55,103.12,76.07,28.52
6/20/2024,3.28,0.65,1.18,5.14,6.19,1.18,36.03,56,0.86,160.8,99.55,75.56,28.48
6/21/2024,3.63,0.6,1.24,5.21,6.42,1.24,36.1,56,0.96,196.44,93.57,84.75,29.19
6/22/2024,2.51,0.56,1.44,5.22,6.59,1.44,36.07,55,0.94,163.25,96.29,81.12,28.91
6/23/2024,3.5,0.49,1.6,5.06,6.68,1.6,36.14,56,1.04,229.14,91.44,90.49,29.64
6/24/2024,5.64,0.61,1.34,5.11,6.38,1.34,36.06,56,0.98,221.54,96.62,79.57,28.79
6/25/2024,3.64,0.65,1.23,5.12,6.28,1.23,35.99,57,0.96,192.84,100.68,70.69,28.1
6/26/2024,2.91,0.59,1.36,5.3,6.72,1.36,35.94,55,0.98,217.06,102.22,63.46,27.54
6/27/2024,2.49,0.63,1.33,5.23,6.52,1.33,36,55,0.92,206.69,100.14,71.43,28.16
6/28/2024,4.06,0.61,1.51,5.2,6.65,1.51,36.16,57,0.86,185.17,94.67,93,29.83
6/29/2024,4.43,0.6,1.98,5.76,7.62,1.98,36.18,53,0.91,195.42,93.32,95.77,30.04
6/30/2024,3.83,0.57,2.22,6.15,8.18,2.22,36.26,50,1.04,217.06,86.67,107.01,30.92
07/01/2024,3.08,0.56,1.77,5.57,7.28,1.77,36.07,49,1.16,230.19,94.92,81.19,28.91
07/02/2024,3.33,0.6,1.95,5.2,7.06,1.95,36.22,51,1.2,230.79,85.06,100.65,30.42
07/03/2024,3.84,0.58,1.69,5.16,6.84,1.69,36.22,53,1.09,212.19,90.58,100.81,30.44
07/04/2024,3.91,0.58,1.34,5.42,6.64,1.34,36.27,56,1.12,230.24,85.28,108.4,31.03
07/05/2024,4.35,0.55,1.41,5.31,6.63,1.41,36.16,54,1.05,235.34,91.33,93.5,29.87
07/06/2024,3.48,0.72,1.43,5.09,6.6,1.43,36.11,52,0.93,229.47,87.84,86.2,29.3
07/07/2024,3.32,0.51,1.46,5.13,6.56,1.46,36.23,52,1.08,213.46,84.63,102.52,30.57
07/08/2024,3.04,0.58,1.95,5.15,6.96,1.95,36.1,55,1.25,230.78,84.2,84.92,29.2
07/09/2024,3.54,0.69,1.73,5.39,7.03,1.73,36.13,53,1.04,222.27,84.63,89.8,29.58
07/10/2024,4.33,0.6,1.92,5.45,7.28,1.92,36.18,53,1.05,230.94,86.68,96.77,30.12
07/11/2024,2.78,0.59,2.3,5.39,7.65,2.3,36.22,53,1.17,227.56,86.5,101.53,30.49
07/12/2024,3.55,0.56,2.35,5.34,7.61,2.35,36.12,55,1.12,232.48,90.43,88.2,29.46
7/13/2024,2.56,0.61,1.85,5.28,7.04,1.85,35.98,53,1.02,224.42,97.12,69.17,27.98
7/14/2024,4.03,0.49,1.35,5.22,6.46,1.35,36.11,50,1.34,225.19,89.38,87.18,29.38
7/15/2024,3.19,0.57,1.84,5.19,6.92,1.84,35.93,50,0.96,206.91,101.38,62.07,27.43
7/16/2024,2.27,0.52,2.25,5.1,7.38,2.25,36.07,49,1.26,234.41,91.99,80.59,28.87
7/17/2024,3.31,0.53,1.76,5.33,7,1.76,35.97,49,1.2,218.21,97.71,68.57,27.93
7/18/2024,2.89,0.45,1.45,5.76,7.38,1.45,36.03,46,1.57,230.43,92.87,76.23,28.53
7/19/2024,2.72,0.52,1.89,5.56,7.51,1.89,36.16,47,1.32,230.85,90.07,93.02,29.83
7/20/2024,3.34,0.54,2.23,5.28,7.47,2.23,36.2,49,1.11,218.8,92.95,99.04,30.3
7/21/2024,2.19,0.49,2.31,5.43,7.67,2.31,36.21,49,1.18,214.98,91.6,100.26,30.39
7/22/2024,4.41,0.58,1.73,5.27,6.96,1.73,36.12,48,1.05,200.06,95.04,87.82,29.43
7/23/2024,4.64,0.55,1.79,4.89,6.64,1.79,36.23,50,1.16,234.77,87.53,102.51,30.57
7/24/2024,4.16,0.54,1.75,4.51,6.17,1.75,36.26,54,1.48,227.19,86.19,107.09,30.92
7/25/2024,3.89,0.5,1.78,4.81,6.64,1.78,36.16,56,1.51,229.76,89.74,92.73,29.81
7/26/2024,4.1,0.49,2.2,5.16,7.36,2.2,36.17,58,1.78,232.07,89.3,94.61,29.96
7/27/2024,2.71,0.45,1.77,5.27,7.03,1.77,36.23,57,2.03,223.02,89.05,103.32,30.63
7/28/2024,4.33,0.46,1.35,5.24,6.53,1.35,36.15,55,1.53,226.74,94.32,91.34,29.7
7/29/2024,4.26,0.59,1.83,5.22,6.96,1.83,35.99,52,1.09,227.65,98.07,70.76,28.11
7/30/2024,3.42,0.52,1.77,4.73,6.46,1.77,36.01,50,1.66,200.31,91.64,73.53,28.32
7/31/2024,2.28,0.52,1.82,4.75,6.64,1.82,36.09,51,1.5,200.03,88.63,84.16,29.15
08/01/2024,2.68,0.58,1.66,4.66,6.17,1.66,36.15,54,1.26,209.91,87.94,92.4,29.79
08/02/2024,3.11,0.53,1.79,4.81,6.65,1.79,36.12,56,1.61,225.43,89.97,87.56,29.41
08/03/2024,3.25,0.48,1.86,4.82,6.57,1.86,36.17,57,1.83,224.96,82.89,94.28,29.93
08/04/2024,2.64,0.44,1.45,4.33,5.76,1.45,36.22,56,2.19,225.94,79.05,100.68,30.43
08/05/2024,4.24,0.68,1.9,4.77,6.7,1.9,36.15,58,1.6,224.15,84.28,92.21,29.77
08/06/2024,3.06,0.49,1.77,5.26,6.98,1.77,36.12,59,1.86,224.87,88.02,88.29,29.47
08/07/2024,2.03,0.48,1.83,4.73,6.57,1.83,36.15,60,1.67,224.19,83.94,92.37,29.78
08/08/2024,2.55,0.54,2.32,4.28,6.63,2.32,36.19,61,1.83,225.4,79.63,97.29,30.16
08/09/2024,3.75,0.53,2.44,4.41,6.72,2.44,36.18,60,1.6,218.43,80.4,95.86,30.05
08/10/2024,3.55,0.5,2.4,4.38,6.77,2.4,36.14,60,1.68,223.99,89.01,90.43,29.63
08/11/2024,2.03,0.43,2.44,4.37,6.84,2.44,36.18,60,1.95,224.69,88.5,95.48,30.02
08/12/2024,2.52,0.49,1.87,4.9,6.82,1.87,36.17,61,1.81,224.45,90.9,94.92,29.98
8/13/2024,2.21,0.56,1.87,4.8,6.7,1.87,36.15,64,1.37,204.95,93.72,91.25,29.7
8/14/2024,3.88,0.51,1.81,4.84,6.54,1.8,36.08,62,1.24,221.68,93.82,81.97,28.97
8/15/2024,4.33,0.43,1.34,5.24,6.53,1.34,36.09,58,1,170.08,96.8,84.13,29.14
8/16/2024,3.44,0.56,1.35,5.27,6.48,1.35,36.13,58,1.19,221.47,95.57,88.82,29.51
8/17/2024,3.61,0.52,2.03,4.76,6.9,2.03,36.1,57,0.96,200.11,96.26,84.68,29.19
8/18/2024,2.55,0.47,2.55,4.56,6.91,2.55,36.13,55,0.87,200.2,92.38,88.94,29.52
8/19/2024,2.73,0.59,1.95,4.88,6.68,1.95,36.16,62,1.03,199.64,91.96,93.08,29.84
8/20/2024,3.3,0.5,1.92,5.32,7.15,1.92,36.19,64,0.7,190.91,89.58,96.94,30.14
8/21/2024,2.95,0.48,2.33,5.26,7.54,2.33,36.05,62,0.92,182.88,91.82,77.81,28.65
8/22/2024,2.1,0.59,2.35,5.33,7.64,2.35,36.12,63,1.01,212.99,91.01,87.44,29.4
8/23/2024,2.82,0.55,2.31,5.22,7.69,2.31,36.18,62,0.82,128.31,90.86,96.06,30.07
8/24/2024,2.1,0.54,2.32,5.27,7.54,2.32,36.2,62,1.06,186.46,89.75,98.25,30.24
8/25/2024,3.56,0.57,2.35,5.24,7.51,2.35,36.23,62,1.22,235.2,86.08,103.22,30.62
8/26/2024,2.07,0.52,2.34,5.24,7.59,2.34,36.23,62,1.09,192.55,86.18,102.55,30.57
8/27/2024,3.25,0.6,2.29,5.31,7.54,2.29,36.25,62,1.03,198.58,88.53,105.33,30.79
8/28/2024,3.09,0.55,2.31,5.31,7.45,2.31,36.21,62,1.22,220.26,90.55,99.97,30.37
8/29/2024,4.26,0.56,2.3,5.35,7.47,2.3,36.27,61,1.12,204.9,87.4,107.87,30.99
8/30/2024,2.8,0.59,2.34,5.29,7.64,2.34,36.01,63,0.86,223.66,96.21,73.23,28.3
8/31/2024,2.77,0.45,2.3,5.25,7.52,2.3,36.14,62,1.56,215.81,91.42,90.8,29.66
09/01/2024,3.14,0.47,2.32,5.21,7.51,2.32,36.04,62,1.24,221.89,95.36,77.08,28.6
09/02/2024,3.18,0.54,1.78,4.72,6.45,1.78,36.14,58,1.44,223.72,92.79,90.5,29.64
09/03/2024,2.92,0.48,1.3,4.66,5.85,1.3,36.1,53,1.06,206.22,94.83,85.12,29.22
09/04/2024,1.95,0.45,1.56,4.77,6.32,1.56,36.19,50,1.68,224.16,90.93,97.09,30.15
09/05/2024,4.41,0.47,1.76,4.3,5.94,1.76,36.2,46,1.78,224.8,88.84,99.05,30.3
09/06/2024,3.45,0.48,1.46,4.44,5.63,1.46,36.18,46,1.8,225.54,90.07,95.37,30.01
09/07/2024,4.41,0.47,1.44,4.8,6.64,1.44,36.2,47,1.72,225,89.08,98.78,30.28
09/08/2024,3.86,0.46,1.46,5.16,7.39,1.46,36.15,49,1.14,209.97,92.69,92.41,29.79
09/09/2024,4.28,0.51,1.35,4.67,6.32,1.35,36.17,45,1.13,208.89,92.73,93.94,29.9
09/10/2024,4.09,0.54,1.33,4.33,5.61,1.33,36.19,43,1.25,201.83,90.6,97.4,30.17
09/11/2024,3.78,0.54,1.98,4.9,6.88,1.98,36.13,45,1,218.52,94.92,89.65,29.57
09/12/2024,4.44,0.52,2.44,5.38,7.86,2.44,36.19,46,1.38,199.55,89.95,96.93,30.14
9/13/2024,4.22,0.49,1.67,4.59,6.26,1.67,36.25,46,1.24,202.24,88.36,105.38,30.79
9/14/2024,4.41,0.45,1.26,4.2,5.36,1.26,36.21,47,1.47,224.4,87.36,99.64,30.35
9/15/2024,3.97,0.39,1.25,4.2,5.45,1.25,36.21,47,1.65,225.22,84.82,99.39,30.33
9/16/2024,4.36,0.41,1.27,4.18,5.34,1.27,36.22,47,1.45,226.91,86.97,101.11,30.46
9/17/2024,4.78,0.42,1.89,4.75,6.62,1.89,36.24,50,1.7,227.13,83.54,104.5,30.72
9/18/2024,5.33,0.49,1.81,4.83,6.57,1.81,36.24,53,1.59,230.25,82.45,103.88,30.67
9/19/2024,4.67,0.55,1.85,4.8,6.75,1.85,36.2,55,1.29,233.92,84.4,98.06,30.22
9/20/2024,4.79,0.48,2.33,4.74,7.11,2.33,36.21,57,1.25,233.18,83.76,99.66,30.35
9/21/2024,4.8,0.43,2.41,4.99,6.71,2.41,36.22,60,1.52,231.32,82.9,101.77,30.51
9/22/2024,4.02,0.48,2.38,5.38,6.73,2.38,36.16,60,1.41,218.35,86.25,92.76,29.81
9/23/2024,4.97,0.52,1.73,4.72,6.02,1.73,36.13,58,1.48,234.96,88.75,89.11,29.53
9/24/2024,4.95,0.49,1.23,4.2,5.32,1.23,36.2,56,1.36,228.02,82.88,98.58,30.26
9/25/2024,5.29,0.52,1.87,4.82,6.69,1.87,36.18,58,1.44,225.12,88.13,95.83,30.05
9/26/2024,4.71,0.47,1.82,4.82,6.43,1.82,36.19,61,1.71,224.36,85.06,97.56,30.18
9/27/2024,3.94,0.46,1.93,4.92,6.86,1.93,36.22,61,1.67,224.7,83.67,101.51,30.49
9/28/2024,4.21,0.53,1.75,5.26,6.92,1.75,36.18,61,1.56,235.42,87.56,95.83,30.05
9/29/2024,4.01,0.47,1.24,5.19,6.31,1.24,36.21,57,0.92,200.49,90.29,99.89,30.37
9/30/2024,73.71,0.46,1.86,5.24,7.11,1.86,36.18,57,0.71,159.03,89.12,96.02,30.07
10/01/2024,4.29,0.56,2.37,5.39,7.69,2.37,36.18,58,0.75,213.6,93.82,95.97,30.06
10/02/2024,3.3,0.45,2.38,5.3,7.75,2.38,36.09,58,0.73,203.75,99.21,84.42,29.17
10/03/2024,4.05,0.52,1.78,5.24,6.94,1.78,36.14,60,0.77,144.05,91.56,90.57,29.64
10/04/2024,6.02,0.47,1.97,5.32,7.29,1.97,36.2,62,0.8,130.6,91.35,98.58,30.26
10/05/2024,3.84,0.57,1.81,4.72,6.47,1.81,36.18,61,0.84,150.52,91.67,95.85,30.05
10/06/2024,3.36,0.47,1.23,4.14,5.35,1.23,36.18,59,0.79,147.63,92.39,96.06,30.07
10/07/2024,3.97,0.43,1.81,4.68,6.43,1.81,35.98,57,0.72,208.39,97.62,68.98,27.97
10/08/2024,4.5,0.46,1.72,5.12,6.82,1.72,36.18,55,0.77,119.53,90.04,95.57,30.03
10/09/2024,4.24,0.44,1.86,5.2,6.94,1.86,36.16,55,0.7,108.48,91.1,92.43,29.79
10/10/2024,4.73,0.52,1.86,5.22,7.06,1.86,36.07,57,0.9,198.65,90.31,81.21,28.91
10/11/2024,3.81,0.47,1.45,5.15,6.56,1.45,35.98,58,0.93,173.11,96.23,69.38,28
10/12/2024,3.26,0.47,1.45,5.16,6.59,1.45,36.04,58,0.88,184.5,90.89,76.91,28.58
10/13/2024,4.11,0.5,1.47,5.2,6.57,1.47,36.15,58,0.95,176.73,88.11,92.23,29.77
10/14/2024,4.33,0.63,1.91,5.18,6.94,1.91,36.12,61,0.94,230.16,84.52,88.39,29.47
10/15/2024,5.48,0.56,1.77,5.2,6.8,1.77,36.17,64,1,189.15,86.01,94.06,29.91
10/16/2024,4.79,0.49,1.8,5.18,6.96,1.8,36.15,64,1.34,230.05,88.15,91.62,29.72
10/17/2024,5.5,0.57,1.7,5.2,6.86,1.7,36.22,66,1.1,212.93,85.54,101.5,30.49
10/18/2024,5.57,0.5,1.86,5.14,6.99,1.86,36.25,69,0.84,138.03,87.53,105.07,30.77
10/19/2024,5.32,0.48,1.73,5.22,6.93,1.73,36.18,67,0.86,170.06,88.43,95.61,30.03
10/20/2024,3.74,0.45,1.35,5.24,6.5,1.35,36.23,66,0.99,176.68,86.96,103.05,30.61
10/21/2024,4.34,0.59,1.36,5.23,6.59,1.36,36.25,66,0.91,197.35,87.54,104.83,30.75
10/22/2024,4.44,0.52,1.36,5.24,6.5,1.36,36.24,66,0.82,162.9,89.05,104.2,30.7
10/23/2024,4.36,0.44,1.34,5.27,6.5,1.34,36.13,66,0.72,180.03,92.01,89.34,29.55
10/24/2024,4.68,0.46,1.86,5.2,7.01,1.86,36.06,62,0.79,134.87,99.36,79.53,28.79
10/25/2024,3.98,0.54,1.78,5.12,6.83,1.78,35.91,56,0.87,208.43,103.46,59.53,27.23
10/26/2024,4.38,0.49,1.36,5.12,6.45,1.36,36.08,48,0.74,134.43,96.36,82.75,29.04
10/27/2024,4.71,0.53,1.45,5.15,6.5,1.45,36.13,45,0.8,169.43,92.97,89.15,29.53
10/28/2024,3.89,0.55,1.92,5.19,7.12,1.92,36.22,40,1,206.91,86.7,101.8,30.51
10/29/2024,4.13,0.59,1.8,5.28,7.08,1.8,36.22,54,1.18,191.09,85.17,101.1,30.46
10/30/2024,3.71,0.6,1.85,5.25,7.1,1.85,36.27,62,1.16,233.15,83.72,107.95,30.99
10/31/2024,5.14,0.49,2.31,5.21,7.4,2.31,36.21,70,0.78,195.17,92.14,100.2,30.39
11/01/2024,3.2,0.58,1.72,5.17,6.79,1.72,36.08,69,0.97,242.11,93.85,82.83,29.04
11/02/2024,3.85,0.54,1.87,5.15,6.96,1.87,36.01,66,0.73,216.97,98.64,73.06,28.28
11/03/2024,4.63,0.47,2.39,5.17,7.47,2.39,36.09,65,0.7,132.37,94.42,83.48,29.09
11/04/2024,4.92,0.56,1.78,5.22,6.92,1.78,36.03,62,0.79,164.98,98.47,76.07,28.52
11/05/2024,3.06,0.55,1.33,5.19,6.4,1.33,36.03,58,0.83,163.43,91.51,76.46,28.55
11/06/2024,4.22,0.55,1.86,5.19,6.96,1.86,36.12,56,1.05,161.4,88.55,87.86,29.43
11/07/2024,6.11,0.6,2.25,5.15,7.29,2.25,36.24,57,0.98,178.79,86.87,104.34,30.71
11/08/2024,3.54,0.59,1.74,5.12,6.73,1.74,36.06,57,0.69,179.93,98.36,80.42,28.85
11/09/2024,3.91,0.52,1.27,5.15,6.35,1.27,36.17,50,0.74,99.54,90.12,94.77,29.97
11/10/2024,4.91,0.51,1.27,5.14,6.3,1.27,36.21,50,0.8,152.94,86.88,100.01,30.37
11/11/2024,5.24,0.65,1.88,5.22,6.95,1.88,36.19,59,0.84,148.76,81.96,97.08,30.15
11/12/2024,4.49,0.62,2.31,5.24,7.51,2.31,36.21,67,1.05,135.21,87.01,100.43,30.41
11/13/2024,4.57,0.54,1.81,5.3,7.03,1.82,36.23,68,0.71,128.52,86.85,102.78,30.59
11/14/2024,4.56,0.57,1.41,5.33,6.74,1.41,36.11,64,0.75,182.17,95.42,86.59,29.33
11/15/2024,5.28,0.66,1.91,5.18,7.09,1.91,36.04,61,0.66,185.78,101.73,77.2,28.6
11/16/2024,4.43,0.63,1.84,5.16,7.01,1.84,36.08,63,0.72,141.65,100.22,82.39,29.01
11/17/2024,4.01,0.62,1.35,5.17,6.53,1.35,36.16,65,0.74,158.81,95.03,93.16,29.84
11/18/2024,4.55,0.65,1.35,5.23,6.5,1.35,36.21,66,0.75,135.45,80.59,100.2,30.39
11/19/2024,4.15,0.74,1.35,5.23,6.58,1.35,36.13,65,0.7,164.26,84.9,89.15,29.53
11/20/2024,5.24,0.68,1.92,5.16,7.11,1.92,35.9,59,0.84,171.64,97.55,58.95,27.19
11/21/2024,3.78,0.72,1.69,5.16,6.75,1.69,36.03,57,0.93,159.56,91.6,76.38,28.54
11/22/2024,3.95,0.53,1.25,5.14,6.38,1.25,36.13,60,0.8,83.45,90.37,88.78,29.5
11/23/2024,4.65,0.69,1.24,5.11,6.31,1.24,36.17,63,0.85,102.53,92.05,94.85,29.98
11/24/2024,4.15,0.67,1.23,5.13,6.37,1.23,36.21,64,0.72,93.52,90.4,99.53,30.34
11/25/2024,4.02,0.66,1.8,5.18,6.95,1.8,36.18,67,0.8,72.1,90.56,95.87,30.05
11/26/2024,4.15,0.62,2.18,5.29,7.34,2.18,36.05,63,0.78,198.92,97.5,79.17,28.76
11/27/2024,3.53,0.76,2.24,5.2,7.34,2.24,36.01,55,0.94,211.44,94.5,72.95,28.27
11/28/2024,3.97,0.76,1.79,5.14,6.93,1.79,36.13,52,1.04,136.74,90.3,89.76,29.58
11/29/2024,4.2,0.79,1.43,5.13,6.44,1.43,36.24,57,1.28,227.32,85.15,103.82,30.67
11/30/2024,3.98,0.68,1.42,5.13,6.53,1.42,36.22,59,1.49,224.33,81.38,101.5,30.49
12/01/2024,4.42,0.54,1.44,5.09,6.46,1.44,36.3,61,1.71,213.08,78.73,111.38,31.26
12/02/2024,3.73,0.61,1.43,5.18,6.53,1.43,36.25,60,1.54,226.04,80.48,105.62,30.81
12/03/2024,3.81,0.59,1.88,5.08,6.88,1.88,36.18,63,1.08,173.74,82.9,95.38,30.02
12/04/2024,3.28,0.56,2.22,5.12,7.28,2.22,36.19,65,0.71,108.69,85.13,96.83,30.13
12/05/2024,4.22,0.63,1.79,5.22,6.9,1.79,36.12,67,0.72,144.48,91.42,87.48,29.4
12/06/2024,3.99,0.55,1.48,5.38,6.75,1.48,36.15,67,0.75,120.52,88.22,91.45,29.71
12/07/2024,3.39,0.53,1.45,5.36,6.76,1.45,36.22,63,0.93,198.14,86.07,100.74,30.43
12/08/2024,4.7,0.48,1.44,5.29,6.74,1.44,36.19,63,0.68,132.89,90,97.42,30.17
12/09/2024,2.35,0.59,1.79,5.32,7.08,1.79,36.18,64,0.84,146.9,87.51,95.27,30.01
12/10/2024,4.62,0.62,2.44,5.33,7.67,2.44,36.18,65,1.07,185.71,84.65,95.83,30.05
12/11/2024,2.92,0.59,2.39,5.36,7.67,2.39,36.21,63,0.75,138.95,86.96,99.88,30.36
12/12/2024,3.57,0.66,1.77,5.22,6.9,1.77,35.97,62,0.93,219.54,99.44,68.13,27.9
12/13/2024,2.07,0.6,1.27,5.14,6.27,1.27,36.07,58,0.68,193.71,94.74,80.69,28.88
12/14/2024,3.48,0.57,1.27,5.08,6.36,1.27,35.98,56,0.73,184.43,99.23,68.39,27.92
12/15/2024,3.5,0.57,1.24,5.09,6.28,1.24,36.12,55,0.7,151.97,83.75,87.56,29.41
12/16/2024,2.7,0.57,1.8,5.13,6.88,1.8,36.11,59,0.74,101.14,80.42,86.5,29.33
12/17/2024,3.18,0.55,2.4,5.28,7.63,2.4,36.17,62,0.71,179.81,85.56,94.11,29.92
12/18/2024,3.82,0.66,1.86,5.2,7.03,1.86,36.2,65,0.99,202.93,86.04,99.11,30.31
12/19/2024,3.24,0.6,1.45,5.14,6.42,1.45,36.23,67,0.89,231.53,80.5,102.35,30.56
12/20/2024,4.36,0.65,1.47,5.11,6.49,1.47,36.25,70,0.91,199.09,81.72,105.11,30.77
12/21/2024,2.41,0.6,1.42,5.09,6.6,1.42,36.23,71,1.66,230.97,81.8,103.42,30.64
12/22/2024,2.59,0.53,1.44,5.11,6.47,1.44,36.24,71,1.6,234.16,79.51,103.42,30.64
12/23/2024,2.9,0.5,1.88,5.25,7.05,1.88,36.15,68,1.33,217.43,75.39,91.99,29.75
12/24/2024,3.77,0.52,2.32,5.26,7.6,2.32,36.08,66,1.12,172.82,75.17,82.14,28.99
12/25/2024,2.83,0.52,2.32,5.25,7.53,2.32,36.09,62,1.34,205.08,77.71,83.53,29.1
12/26/2024,1.88,0.5,1.82,5.26,7.07,1.82,36.17,64,1.2,183.43,79.83,94.28,29.93
12/27/2024,3.53,0.53,1.45,5.34,6.68,1.45,36.2,66,0.8,151.19,83.99,98.19,30.23
12/28/2024,3.65,0.48,1.44,5.35,6.72,1.44,36.17,64,0.82,159.29,76.87,95.05,29.99
12/29/2024,4.64,0.49,1.42,5.35,6.58,1.42,36.21,60,0.82,148.56,78.66,100.6,30.42
12/30/2024,4.18,0.53,1.44,5.37,6.77,1.44,36.2,60,0.7,143.66,86.57,98,30.22
12/31/2024,3.67,0.62,1.42,5.35,6.61,1.42,36.19,60,0.72,163.21,77.02,96.68,30.12
